KEGG pathway,names,Prot
6184,RPN1,0.118152264333333
1650,DDOST,0.1363096967
56681,SAR1A,0.2047712397
5034,P4HB,0.1754521125
6238,RRBP1,-0.153901323666667
30001,ERO1L,0.411441791
5887,RAD23B,0.2126160917
581,BAX,0.311311175133333
3337,DNAJB1,0.367030524033333
3998,LMAN1,0.106409058166667
821,CANX,0.177700098466667
23193,GANAB,0.136643916666667
7415,VCP,0.120240003833333